{
  "demographic_glm": {
    "mae": 6446.925088657706,
    "rmse": 14347.998116855633,
    "mape": 21.79621496658852,
    "quantile_loss_50": 3223.462544328853,
    "quantile_loss_90": 3226.5002590634244,
    "quantile_loss_99": 3227.1837448787023,
    "auroc": 0.5667412021580656,
    "auprc": 0.12368791043737187,
    "sensitivity_at_90spec": 0.14634146341463414,
    "ppv_at_top5pct": 0.12558139534883722,
    "cal_slope": 3.1738863741395953,
    "cal_intercept": -2.517397914378386,
    "ece": 0.004810193657297893,
    "ppv_at_top10pct": 0.14169570267131243,
    "npv_at_top10pct": 0.9045959204750839,
    "nne_at_top10pct": 7.057377049180328,
    "ppv_at_top5pct_threshold": 0.12529002320185614,
    "npv_at_top5pct_threshold": 0.9012964774951077,
    "nne_at_top5pct_threshold": 7.981481481481482,
    "sensitivity_at_top5pct": 0.0627177700348432,
    "brier_score": 0.08958939092830018,
    "r_squared": 0.00722930802663857,
    "r_squared_calibrated": 0.00723147484031772,
    "predictive_ratio": 0.9985455077792834,
    "r_squared_censored_250k": 0.00722930802663857,
    "r_squared_calibrated_censored_250k": 0.00723147484031772,
    "mae_censored_250k": 6446.925088657706,
    "predictive_ratio_censored_250k": 0.9985455077792834,
    "n_censored_250k": 0,
    "time_seconds": 0.012951850891113281
  },
  "xgboost": {
    "mae": 6343.488750747884,
    "rmse": 16641.711831093402,
    "mape": 8.758403607743304,
    "quantile_loss_50": 3171.744375373942,
    "quantile_loss_90": 3166.8324186487107,
    "quantile_loss_99": 3165.727228385533,
    "auroc": 0.7398705352550924,
    "auprc": 0.23282574698258585,
    "sensitivity_at_90spec": 0.2961672473867596,
    "ppv_at_top5pct": 0.28604651162790695,
    "cal_slope": 2.449327055565538,
    "cal_intercept": -2.5541589726759875,
    "ece": 0.07916604217643507,
    "ppv_at_top10pct": 0.2613240418118467,
    "npv_at_top10pct": 0.9178931061192874,
    "nne_at_top10pct": 3.826666666666666,
    "ppv_at_top5pct_threshold": 0.2853828306264501,
    "npv_at_top5pct_threshold": 0.9097358121330724,
    "nne_at_top5pct_threshold": 3.504065040650407,
    "sensitivity_at_top5pct": 0.14285714285714285,
    "brier_score": 0.10251461714506149,
    "r_squared": -0.33555666996463307,
    "r_squared_calibrated": -0.33313744932488065,
    "predictive_ratio": 1.0023518598635344,
    "r_squared_censored_250k": -0.3302555983924429,
    "r_squared_calibrated_censored_250k": -0.3285704892396004,
    "mae_censored_250k": 6339.873905999424,
    "predictive_ratio_censored_250k": 1.001659547315106,
    "n_censored_250k": 0,
    "time_seconds": 0.7209577560424805
  },
  "random_forest": {
    "mae": 5888.196247292184,
    "rmse": 14081.470607705478,
    "mape": 8.708447498652744,
    "quantile_loss_50": 2944.098123646092,
    "quantile_loss_90": 2938.9933632909365,
    "quantile_loss_99": 2937.8447922110254,
    "auroc": 0.7550566730631343,
    "auprc": 0.25886883256949605,
    "sensitivity_at_90spec": 0.3124274099883856,
    "ppv_at_top5pct": 0.33488372093023255,
    "cal_slope": 3.879147320312133,
    "cal_intercept": -2.751915883564378,
    "ece": 0.04819037110662082,
    "ppv_at_top10pct": 0.2659698025551684,
    "npv_at_top10pct": 0.9184095016782856,
    "nne_at_top10pct": 3.7598253275109172,
    "ppv_at_top5pct_threshold": 0.33410672853828305,
    "npv_at_top5pct_threshold": 0.9123043052837574,
    "nne_at_top5pct_threshold": 2.993055555555556,
    "sensitivity_at_top5pct": 0.1672473867595819,
    "brier_score": 0.08843906386337606,
    "nri_events": -0.04529616724738676,
    "nri_nonevents": 0.028272656855151044,
    "nri_total": -0.017023510392235718,
    "r_squared": 0.04377002884213399,
    "r_squared_calibrated": 0.04434821678316403,
    "predictive_ratio": 1.0024442170756507,
    "r_squared_censored_250k": 0.04377002884213399,
    "r_squared_calibrated_censored_250k": 0.04434821678316403,
    "mae_censored_250k": 5888.196247292184,
    "predictive_ratio_censored_250k": 1.0024442170756507,
    "n_censored_250k": 0,
    "time_seconds": 1.0864918231964111
  },
  "lightgbm": {
    "mae": 6207.0960197665245,
    "rmse": 15845.110580174094,
    "mape": 8.78249504250566,
    "quantile_loss_50": 3103.5480098832622,
    "quantile_loss_90": 3096.3623491746375,
    "quantile_loss_99": 3094.745575515197,
    "auroc": 0.7411006482533564,
    "auprc": 0.2315789040162665,
    "sensitivity_at_90spec": 0.29152148664343785,
    "ppv_at_top5pct": 0.28837209302325584,
    "cal_slope": 2.1392257240731745,
    "cal_intercept": -2.5146007314763796,
    "ece": 0.09395959419391411,
    "ppv_at_top10pct": 0.25319396051103366,
    "npv_at_top10pct": 0.9169894138910405,
    "nne_at_top10pct": 3.94954128440367,
    "ppv_at_top5pct_threshold": 0.2900232018561485,
    "npv_at_top5pct_threshold": 0.9099804305283757,
    "nne_at_top5pct_threshold": 3.448,
    "sensitivity_at_top5pct": 0.14518002322880372,
    "brier_score": 0.10949160349095745,
    "nri_events": 0.03368176538908246,
    "nri_nonevents": -0.012006196746707979,
    "nri_total": 0.021675568642374486,
    "r_squared": -0.21075668181669527,
    "r_squared_calibrated": -0.20812567641878443,
    "predictive_ratio": 1.0034405757336116,
    "r_squared_censored_250k": -0.21075668181669527,
    "r_squared_calibrated_censored_250k": -0.20812567641878443,
    "mae_censored_250k": 6207.0960197665245,
    "predictive_ratio_censored_250k": 1.0034405757336116,
    "n_censored_250k": 0,
    "time_seconds": 0.6329400539398193
  },
  "two_part": {
    "mae": 6334.411832910818,
    "rmse": 16636.665227781876,
    "mape": 8.738416789145,
    "quantile_loss_50": 3167.205916455409,
    "quantile_loss_90": 3158.66319259535,
    "quantile_loss_99": 3156.741079726837,
    "auroc": 0.7268994704996292,
    "auprc": 0.2192176877574326,
    "sensitivity_at_90spec": 0.30197444831591175,
    "ppv_at_top5pct": 0.2930232558139535,
    "cal_slope": 5.523948336063921,
    "cal_intercept": -2.3230237805915364,
    "ece": 0.08261091415675474,
    "ppv_at_top10pct": 0.2706155632984901,
    "npv_at_top10pct": 0.9189258972372838,
    "nne_at_top10pct": 3.6952789699570814,
    "ppv_at_top5pct_threshold": 0.2923433874709977,
    "npv_at_top5pct_threshold": 0.9101027397260274,
    "nne_at_top5pct_threshold": 3.4206349206349205,
    "sensitivity_at_top5pct": 0.14634146341463414,
    "brier_score": 0.09414666774314853,
    "nri_events": -0.1835075493612079,
    "nri_nonevents": 0.05796540149754712,
    "nri_total": -0.12554214786366077,
    "r_squared": -0.33474677698911703,
    "r_squared_calibrated": -0.3305560560759533,
    "predictive_ratio": 1.004090352940904,
    "r_squared_censored_250k": -0.3294457054169264,
    "r_squared_calibrated_censored_250k": -0.32600917345670744,
    "mae_censored_250k": 6330.796988162357,
    "predictive_ratio_censored_250k": 1.0033980214976785,
    "n_censored_250k": 0,
    "time_seconds": 0.25960588455200195
  },
  "stacking": {
    "mae": 6066.884890157395,
    "rmse": 14997.699464662754,
    "mape": 7.746063967085704,
    "quantile_loss_50": 3033.4424450786973,
    "quantile_loss_90": 3027.364235748052,
    "quantile_loss_99": 3025.996638648657,
    "auroc": 0.7548242650734575,
    "auprc": 0.2566513360122745,
    "sensitivity_at_90spec": 0.3240418118466899,
    "ppv_at_top5pct": 0.32790697674418606,
    "cal_slope": 2.7550451200389103,
    "cal_intercept": -2.5882808980477146,
    "ece": 0.057982990071602764,
    "ppv_at_top10pct": 0.26248548199767713,
    "npv_at_top10pct": 0.918022205009037,
    "nne_at_top10pct": 3.809734513274336,
    "ppv_at_top5pct_threshold": 0.3271461716937355,
    "npv_at_top5pct_threshold": 0.9119373776908023,
    "nne_at_top5pct_threshold": 3.0567375886524824,
    "sensitivity_at_top5pct": 0.16376306620209058,
    "brier_score": 0.09562425857343028,
    "nri_events": -0.00696864111498258,
    "nri_nonevents": 0.014975471210947585,
    "nri_total": 0.008006830095965005,
    "r_squared": -0.08471493276024544,
    "r_squared_calibrated": -0.08317493377005603,